"lon","lat","city_state"
-123.1007066,47.2150945,"Shelton, WA"
-122.8670454,45.4942838,"Aloha, OR"
-97.330053,37.6871761,"Wichita, KS"
-122.4194155,37.7749295,"San Francisco, CA"
-104.6921874,40.3763701,"Evans, CO"
-97.4253185,35.878937,"Guthrie, OK"
-111.8412502,33.3061605,"Chandler, AZ"
-97.6044806,38.6802826,"Assaria, KS"
-91.1128901,40.8076529,"Burlington, IA"
-77.4388719,41.9572933,"Knoxville, PA"
-121.2907796,37.9577016,"Stockton, CA"
-95.3596617,28.9541368,"Freeport, TX"
-82.9987942,39.9611755,"Columbus, OH"
-93.6091064,41.6005448,"Des Moines, IA"
-90.0715323,29.9510658,"New Orleans, LA"
-108.3015173,45.899401,"Huntley, MT"
-111.8910474,40.7607793,"Salt Lake City, UT"
-92.3566861,33.1073435,"Strong, AR"
-112.0646657,41.0893878,"Syracuse, UT"
-91.9690284,34.5442609,"England, AR"
-106.4850217,31.7618778,"El Paso, TX"
-88.3064367,39.684755,"Arcola, IL"
-118.2120161,33.954737,"South Gate, CA"
-115.1175013,36.1988592,"North Las Vegas, NV"
-106.6055534,35.0853336,"Albuquerque, NM"
-98.5464068,28.9180294,"Jourdanton, TX"
-93.0899578,44.9537029,"St. Paul, MN"
-91.135302,38.3953601,"Franklin County, MO"
-76.2874927,36.7682088,"Chesapeake, VA"
-74.307282,40.4128551,"Old Bridge, NJ"
-95.4343859,29.0338575,"Lake Jackson, TX"
-111.8638226,40.5246711,"Draper, UT"
-86.158068,39.768403,"Indianapolis, IN"
-104.8319195,39.7294319,"Aurora, CO"
-93.2982799,44.840798,"Bloomington, MN"
-122.0399663,38.2493581,"Fairfield, CA"
-92.3813621,30.7821781,"Evangeline Parish, LA"
-96.1008056,32.3665322,"Mabank, TX"
-121.9885719,37.5482697,"Fremont, CA"
-95.3696909,35.7478769,"Muskogee, OK"
-118.2436849,34.0522342,"Los Angeles, CA"
-97.3307658,32.7554883,"Fort Worth, TX"
-112.0476423,33.0581063,"Maricopa, AZ"
-82.9259979,37.547597,"Gunlock, KY"
-70.9410356,42.2180724,"Weymouth, MA"
-111.9260519,33.4941704,"Scottsdale, AZ"
-116.9719684,33.7475203,"Hemet, CA"
-99.154991,26.534403,"Chapeno, TX"
-90.3371889,38.6105426,"St. Louis, MO"
-71.3273346,42.8806437,"Derry, NH"
-105.3571764,31.1745732,"Sierra Blanca, TX"
-94.7404891,32.5007037,"Longview, TX"
-97.7430608,30.267153,"Austin, TX"
-80.1373174,26.1224386,"Fort Lauderdale, FL"
-102.37796,33.5873164,"Levelland, TX"
-111.7924237,43.8231096,"Rexburg, ID"
-76.6121893,39.2903848,"Baltimore, MD"
-104.6091409,38.2544472,"Pueblo, CO"
-74.8623203,39.6573556,"Winslow, NJ"
-104.990251,39.7392358,"Denver, CO"
-93.3866185,45.0380201,"New Hope, MN"
-101.7937669,33.1667601,"Tahoka, TX"
-119.3409457,35.5941238,"Wasco, CA"
-112.0740373,33.4483771,"Phoenix, AZ"
-109.3280282,33.0508859,"Morenci, AZ"
-95.9979883,41.2523634,"Omaha, NE"
-97.7666999,33.4520535,"Sunset, TX"
-95.8085623,29.5571825,"Rosenberg, TX"
-97.0583681,36.1156071,"Stillwater, OK"
-85.7053085,42.9133602,"Wyoming, MI"
-108.5006904,45.7832856,"Billings, MT"
-95.3698028,29.7604267,"Houston, TX"
-76.7952525,39.3673278,"Randallstown, MD"
-83.8888647,43.5944677,"Bay City, MI"
-76.7083033,40.2653681,"Hummelstown, PA"
-117.1858759,34.5008311,"Apple Valley, CA"
-122.2852473,37.831316,"Emeryville, CA"
-121.805789,38.0049214,"Antioch, CA"
-82.8498654,31.5088073,"Douglas, GA"
-84.2807329,30.4382559,"Tallahassee, FL"
-81.3792365,28.5383355,"Orlando, FL"
-111.9400054,33.4255104,"Tempe, AZ"
-97.2155596,31.3865592,"Lorena, TX"
-90.0489801,35.1495343,"Memphis, TN"
-117.688944,34.0122346,"Chino, CA"
-97.5164276,35.4675602,"Oklahoma City, OK"
-117.0619755,34.0039039,"Calimesa, CA"
-81.1873005,35.262082,"Gastonia, NC"
-149.9002778,61.2180556,"Anchorage, AK"
-73.989306,41.1475954,"New City, NY"
-81.2518833,28.4844995,"Orange County, FL"
-97.7258626,33.7867684,"Nocona, TX"
-68.1203515,46.1644547,"Smyrna, ME"
-96.7969879,32.7766642,"Dallas, TX"
-119.1005657,46.2395793,"Pasco, WA"
-90.0466559,35.0277933,"Whitehaven, TN"
-107.5364443,39.5727585,"New Castle, CO"
-121.8863286,37.3382082,"San Jose, CA"
-85.7635692,32.831238,"Dadeville, AL"
-117.2897652,34.1083449,"San Bernardino, CA"
-94.6274636,39.114053,"Kansas City, KS"
-75.9268747,40.3356483,"Reading, PA"
-88.5745001,35.987286,"McLemoresville, TN"
-110.6309289,32.5997933,"San Manuel, AZ"
-76.474962,39.3092743,"Essex, MD"
-99.4803241,27.5305671,"Laredo, TX"
-80.2456045,25.9420377,"Miami Gardens, FL"
-88.1900415,34.8117565,"Iuka, MS"
-122.4374803,45.1721192,"Colton, OR"
-111.2224422,32.436381,"Marana, AZ"
-116.2146068,43.6187102,"Boise, ID"
-111.6585337,40.2338438,"Provo, UT"
-81.2078164,35.2895651,"Gaston County, NC"
-93.2922989,37.2089572,"Springfield, MO"
-84.6688348,42.5642907,"Eaton Rapids Township, MI"
-71.2342248,42.6106478,"Tewksbury, MA"
-100.8958674,29.3708857,"Del Rio, TX"
-80.8431267,35.2270869,"Charlotte, NC"
-97.0819541,32.8370727,"Euless, TX"
-86.8008228,33.4717732,"Homewood, AL"
-86.80249,33.5206608,"Birmingham, AL"
-105.6588485,33.3672525,"Ruidoso, NM"
-80.5886646,28.0344621,"Palm Bay, FL"
-75.4901833,40.6084305,"Allentown, PA"
-90.9562125,30.4868564,"Denham Springs, LA"
-84.683824,33.8595491,"Powder Springs, GA"
-83.5248933,34.6125971,"Clarkesville, GA"
-86.3619163,32.4798575,"Millbrook, AL"
-88.019826,44.519159,"Green Bay, WI"
-115.1398296,36.1699412,"Las Vegas, NV"
-87.4139092,39.4667034,"Terre Haute, IN"
-81.9498042,28.0394654,"Lakeland, FL"
-89.0928155,30.3674198,"Gulfport, MS"
-83.8354542,31.5307349,"Sylvester, GA"
-117.8678338,33.7455731,"Santa Ana, CA"
-82.4559598,34.6423372,"Pelzer, SC"
-84.8776392,42.729993,"Roxand Township, MI"
-90.3371889,38.6105426,"St Louis, MO"
-110.926479,32.2217429,"Tucson, AZ"
-92.3340724,38.9517053,"Columbia, MO"
-77.5358049,35.8968236,"Tarboro, NC"
-113.9536466,34.0061091,"La Paz County, AZ"
-90.7681675,34.5476004,"Barton, MS"
-88.0817251,41.525031,"Joilet, IL"
-75.5993692,38.3606736,"Salisbury, MD"
-81.2636738,28.9005446,"Deltona, FL"
-87.9064736,43.0389025,"Milwaukee, WI"
-118.3089661,34.1808392,"Burbank, CA"
-96.6851982,40.8257625,"Lincoln, NE"
-81.9592635,29.7366333,"Putnam Hall, FL"
-89.4012302,43.0730517,"Madison, WI"
-75.4596404,39.8006685,"Claymont, DE"
-117.9145036,33.8352932,"Anaheim, CA"
-82.7342919,35.2334472,"Brevard, NC"
-109.0145613,40.243578,"Dinosaur, CO"
-80.7419984,28.3861159,"Cocoa, FL"
-84.3879824,33.7489954,"Atlanta, GA"
-91.1403196,30.4582829,"Baton Rouge, LA"
-81.163168,32.149092,"Port Wentworth, GA"
-117.6508876,34.0633443,"Ontario, CA"
-81.6943605,41.49932,"Cleveland, OH"
-114.0530065,35.189443,"Kingman, AZ"
-87.7730474,30.8829628,"Bay Minette, AL"
-86.8113781,33.4053867,"Hoover, AL"
-75.8332718,39.6067789,"Elkton, MD"
-77.0368707,38.9071923,"Washington, DC"
-94.5785667,39.0997265,"Kansas City, MO"
-117.435048,34.0922335,"Fontana, CA"
-122.0651819,37.9100783,"Walnut Creek, CA"
-122.286865,38.2975381,"Napa, CA"
-98.4936282,29.4241219,"San Antonio, TX"
-80.5959065,40.3275693,"Follansbee, WV"
-87.8211854,42.5847425,"Kenosha, WI"
-90.3164819,31.3815627,"Ruth, MS"
-95.1163261,30.805746,"Onalaska, TX"
-121.4943996,38.5815719,"Sacramento, CA"
-122.8755949,42.3265152,"Medford, OR"
-78.726407,34.6568361,"Dublin, NC"
-119.0187125,35.3732921,"Bakersfield, CA"
-112.1859866,33.5386523,"Glendale, AZ"
-81.655651,30.3321838,"Jacksonville, FL"
-122.2648752,49.0001217,"Sumas, WA"
-87.3016132,34.567428,"Lawrence County, AL"
-116.6201357,43.7068281,"Middleton, ID"
-109.0603825,36.6039938,"Red Valley, AZ"
-96.2800864,34.568577,"Coal County, OK"
-78.0647387,43.193393,"Clarendon, NY"
-87.069919,39.5349663,"Harmony, IN"
-112.0098791,34.7391876,"Cottonwood, AZ"
-122.2566367,38.1040864,"Vallejo, CA"
-122.6764816,45.5230622,"Portland, OR"
-73.2103934,40.7298207,"Islip, NY"
-121.9552356,37.3541079,"Santa Clara, CA"
-88.4470508,43.7730448,"Fond du Lac, WI"
-76.2982742,36.8354258,"Portsmouth, VA"
-84.5143761,33.8839926,"Smyrna, GA"
-79.4492228,33.8179432,"Johnsonville, SC"
-118.2914872,33.9891116,"South Los Angeles, CA"
-94.9271868,38.8108408,"Gardner, KS"
-118.2643567,33.7857948,"Wilmington, CA"
-117.2919818,33.0369867,"Encinitas, CA"
-80.3256056,27.4467056,"Fort Pierce, FL"
-71.8800628,42.050091,"Webster, MA"
-119.1770516,34.1975048,"Oxnard, CA"
-78.7686297,39.5031465,"Fort Ashby, WV"
-71.0588801,42.3600825,"Boston, MA"
-83.0565679,39.05007,"Jasper, OH"
-85.8649408,37.7030646,"Elizabethtown, KY"
-123.0867536,44.0520691,"Eugene, OR"
-114.8345117,35.9782216,"Boulder City, NV"
-82.5131717,28.0544223,"Carollwood, FL"
-94.9774274,29.7355047,"Baytown, TX"
-76.7267773,39.1137602,"Fort Meade, MD"
-118.3525748,33.9164032,"Hawthorne, CA"
-74.6796651,40.2115109,"Hamilton, NJ"
-90.5787476,41.5094771,"Rock Island, IL"
-88.7319979,37.1511655,"Metropolis, IL"
-95.992775,36.1539816,"Tulsa, OK"
-92.4343035,31.3224044,"Pineville, LA"
-78.1633341,39.1856597,"Winchester, VA"
-87.8328505,42.4461322,"Zion, IL"
-79.9748103,32.8546197,"North Charleston, SC"
-117.8531119,33.7877944,"Orange, CA"
-106.1914141,35.0614358,"Edgewood, NM"
-118.4489739,35.1321877,"Tehachapi, CA"
-90.0772944,29.9035387,"Harvey, LA"
-112.2493671,43.7640903,"Jefferson County, ID"
-97.0068393,35.275439,"Pottawatomie County, OK"
-83.2784851,30.8327022,"Valdosta, GA"
-122.0363496,37.36883,"Sunnyvale, CA"
-96.2136136,35.9436968,"Kellyville, OK"
-86.9123217,30.4109342,"Navarre, FL"
-86.8789044,40.8678171,"Monon, IN"
-77.1735312,39.8716058,"Straban Township, PA"
-81.9817726,35.046508,"Boiling Springs, SC"
-122.1791556,39.9276572,"Corning, CA"
-95.6890185,39.0558235,"Topeka, KS"
-96.108891,36.1398102,"Sand Springs, OK"
-78.5030622,35.0154469,"Salemburg, NC"
-90.1842764,38.8906038,"Alton, IL"
-96.8570738,32.5896998,"DeSoto, TX"
-90.704279,35.8422967,"Jonesboro, AR"
-80.1917902,25.7616798,"Miami, FL"
-81.9320482,34.9495672,"Spartanburg, SC"
-105.2253316,38.4494063,"Ca√±on City, CO"
-117.6897776,34.0775104,"Montclair, CA"
-119.2717761,35.5005139,"Shafter, CA"
-87.6297982,41.8781136,"Chicago, IL"
-90.2603903,38.7192175,"Jennings, MO"
-85.6602058,30.1588129,"Panama City, FL"
-84.6616105,37.8620226,"Wilmore, KY"
-102.9774497,41.1448219,"Sidney, NE"
-98.3252932,26.2159066,"Mission, TX"
-74.7429384,40.2170534,"Trenton, NJ"
-122.518458,47.1717649,"Lakewood, WA"
-81.1831513,34.0859829,"Irmo, SC"
-109.9284084,31.4481547,"Bisbee, AZ"
-73.7948516,40.7282239,"Queens, NY"
-105.2769348,39.9324862,"Eldorado Springs, CO"
-118.4571974,34.3058279,"Sylmar, CA"
-95.1441197,34.1237158,"Rufe, OK"
-118.1937395,33.7700504,"Long Beach, CA"
-122.8163802,38.5471327,"Windsor, CA"
-94.8774554,36.8745146,"Miami, OK"
-104.5005407,37.1694632,"Trinidad, CO"
-97.0035982,28.8052674,"Victoria, TX"
-74.0059413,40.7127837,"New York, NY"
-81.7728543,28.5494447,"Clermont, FL"
-94.7608801,35.6826766,"Bunch, OK"
-119.8815203,36.0988489,"Kings County, CA"
-117.9536697,33.7091847,"Fountain Valley, CA"
-83.0457538,42.331427,"Detroit, MI"
-82.5154471,40.75839,"Mansfield, OH"
-88.9331256,37.7306054,"Marion, IL"
-97.9364326,35.052565,"Chickasha, OK"
-111.8314724,33.4151843,"Mesa, AZ"
-121.3716178,38.4087993,"Elk Grove, CA"
-77.5424809,36.6859829,"Emporia, VA"
-86.7816016,36.1626638,"Nashville, TN"
-117.1610838,32.715738,"San Diego, CA"
-75.6046494,39.2998339,"Smyrna, DE"
-109.9887605,40.299403,"Roosevelt, UT"
-96.6388833,32.912624,"Garland, TX"
-83.3562912,37.3478702,"Chavies, KY"
-119.1372338,46.2112458,"Kennewick, WA"
-118.4694832,33.9850469,"Venice, CA"
-118.0467339,34.0519548,"South El Monte, CA"
-80.7797935,37.0478982,"Pulaski, VA"
-78.5097228,35.9798734,"Wake Forest, NC"
-83.9879625,33.9562149,"Lawrenceville, GA"
-73.9695832,41.5048158,"Beacon, NY"
-118.0647871,33.8583483,"Cerritos, CA"
-110.9106656,33.0570085,"Kearny, AZ"
-76.0001965,43.2478466,"Constantia, NY"
-93.2632821,45.0860765,"Fridley, MN"
-122.4442906,47.2528768,"Tacoma, WA"
-76.8966397,38.9340002,"Landover, MD"
-81.3124341,29.9012437,"St. Augustine, FL"
-157.8583333,21.3069444,"Honolulu, HI"
-117.603104,33.640855,"Rancho Santa Margarita, CA"
-85.5800022,42.2011538,"Portage, MI"
-89.0939952,42.2711311,"Rockford, IL"
-87.6467131,41.6100344,"Harvey, IL"
-82.6267345,27.7518284,"St. Petersburg, FL"
-77.1067698,38.8799697,"Arlington, VA"
-92.0165336,34.974532,"Cabot, AR"
-108.5506486,39.0638705,"Grand Junction, CO"
-76.3055144,40.0378755,"Lancaster, PA"
-81.4831714,40.9458898,"Green, OH"
-87.1111676,37.7719074,"Owensboro, KY"
-105.5022205,44.2910915,"Gillette, WY"
-80.1373174,26.1224386,"Ft. Lauderdale, FL"
-74.0434736,40.8859325,"Hackensack, NJ"
-79.9310512,32.7764749,"Charleston, SC"
-79.0780831,40.008411,"Somerset, PA"
-93.2282613,38.7044609,"Sedalia, MO"
-109.291475,34.1111581,"Eagar, AZ"
-86.5861037,34.7303688,"Huntsville, AL"
-122.0981848,47.9128756,"Snohomish, WA"
-93.7321228,32.5159852,"Bossier City, LA"
-74.1065303,40.443441,"Ideal Beach, NJ"
-97.4780954,35.6528323,"Edmond, OK"
-83.2138641,33.3174387,"Rockville, GA"
-116.7664109,32.8350521,"Alpine, CA"
-80.7709014,34.7204257,"Lancaster, SC"
-104.9811468,39.8961821,"Northglenn, CO"
-85.0766113,33.5801103,"Carrollton, GA"
-83.1782587,42.1394858,"Trenton, MI"
-74.1243063,40.8120171,"Lyndhurst, NJ"
-95.9832577,35.6795873,"Okmulgee County, OK"
-123.4670077,42.382338,"Wilderville, OR"
-95.6307891,31.7621153,"Palestine, TX"
-77.6930602,43.2097837,"Greece, NY"
-71.1270268,42.2832142,"Roslindale, MA"
-97.5458565,32.8951262,"Azle, TX"
-119.2470536,35.7688425,"Delano, CA"
-106.7333599,34.806166,"Los Lunas, NM"
-96.8350999,32.2619765,"Ellis County, TX"
-95.24177,29.6112334,"Fuqua, TX"
-74.7227291,40.9601024,"Byram, NJ"
-120.4357191,34.9530337,"Santa Maria, CA"
-79.9558968,39.629526,"Morgantown, WV"
-122.2711137,37.8043637,"Oakland, CA"
-82.2359254,27.044224,"North Port, FL"
-121.7568946,36.910231,"Watsonsville, CA"
-102.0779146,31.9973456,"Midland, TX"
-104.3232924,39.7383163,"Strasburg, CO"
-80.6081089,28.0836269,"Melbourne, FL"
-122.7439912,45.9045591,"Woodland, WA"
-86.0899847,39.7219884,"Beech Grove, IN"
-112.2718239,33.5975393,"Sun City, AZ"
-83.6499321,41.04422,"Findlay, OH"
-95.6160549,30.0971621,"Tomball, TX"
-84.5120196,39.1031182,"Cincinnati, OH"
-73.8654295,40.8370495,"Bronx, NY"
-80.1247667,26.2378597,"Pompano Beach, FL"
-87.0352831,35.6150716,"Columbia, TN"
-98.5721016,29.4200763,"Bexar County, TX"
-86.1336033,40.486427,"Kokomo, IN"
-85.1393513,41.079273,"Fort Wayne, IN"
-85.7584557,38.2526647,"Louisville, KY"
-96.7130521,32.6492999,"Hutchins, TX"
-119.9771868,38.939926,"South Lake Tahoe, CA"
-119.2920585,36.3302284,"Visalia, CA"
-98.8208889,47.8805328,"Wood Lake, ND"
-86.6294262,32.8387371,"Clanton, AL"
-103.1360403,32.7026116,"Hobbs, NM"
-73.9859414,40.5749261,"Coney Island, NY"
-104.7091322,40.4233142,"Greeley, CO"
-117.9075627,34.1336186,"Azusa, CA"
-80.9411858,36.2184669,"Ronda, NC"
-121.2810611,38.7071247,"Citrus Heights, CA"
-82.0105148,33.4734978,"Augusta, GA"
-79.9958864,40.4406248,"Pittsburgh, PA"
-97.9297743,38.0608445,"Hutchinson, KS"
-97.7972544,32.7592955,"Weatherford, TX"
-76.3868797,37.2103925,"York County, VA"
-76.7802528,39.4195499,"Owings Mills, MD"
-119.7725868,36.7468422,"Fresno, CA"
-74.2948983,44.8486596,"Malone, NY"
-94.969956,35.91537,"Tahlequah, OK"
-74.1040191,43.2217388,"Edinburg, NY"
-83.3815429,35.1823171,"Franklin, NC"
-123.1987163,45.2101162,"McMinnville, OR"
-123.4568737,42.3447572,"Josephine County, OR"
-71.0183787,42.0834335,"Brockton, MA"
-80.8542568,37.8590061,"Meadow Bridge, WV"
-117.9389526,34.0686208,"West Covina, CA"
-118.1541632,34.6867846,"Lancaster, CA"
-75.1196199,39.9259463,"Camden, NJ"
-80.1300455,25.790654,"Miami Beach, FL"
-83.2948922,36.2139814,"Morristown, TN"
-76.4730122,37.0870821,"Newport News, VA"
-114.9817213,36.0395247,"Henderson, NV"
-121.8746789,37.6624312,"Pleasanton, CA"
-118.0728424,33.8314045,"Hawaiian Gardens, CA"
-71.9662009,44.1670079,"Bath, NH"
-120.609084,37.3477174,"Atwater, CA"
-118.1339563,33.8536269,"Lakewood, CA"
-98.1633432,26.3017374,"Edinburg, TX"
-74.4229266,39.3642834,"Atlantic City, NJ"
-94.4446742,39.1097268,"Sugar Creek, MO"
-122.8037102,45.487062,"Beaverton, OR"
-81.4718387,36.4339674,"Ashe County, NC"
-112.8279996,37.8421975,"Parowan, UT"
-122.1221869,37.1260578,"Boulder Creek, CA"
-83.8601827,33.5967815,"Covington, GA"
-121.5521858,39.0954484,"Olivehurst, CA"
-80.2331036,26.1275862,"Plantation, FL"
-87.8139483,41.8978091,"River Forest, IL"
-106.313081,42.866632,"Casper, WY"
-84.170196,33.8081608,"Stone Mountain, GA"
-122.2719529,41.2082089,"Dunsmuir, CA"
-70.9494938,42.466763,"Lynn, MA"
-81.8867451,28.5783313,"Mascotte, FL"
-80.955924,41.3083893,"Southington, OH"
-85.1469835,44.1025148,"Marion, MI"
-117.2296717,33.9424658,"Moreno Valley, CA"
-88.0075875,43.0494572,"Wauwatosa, WI"
-80.4775569,25.4687224,"Homestead, FL"
-85.3096801,35.0456297,"Chattanooga, TN"
-104.8202462,41.1399814,"Cheyenne, WY"
-86.2555067,31.2826685,"Opp, AL"
-122.3320708,47.6062095,"Seattle, WA"
-114.6141315,34.8480597,"Needles, CA"
-97.4974838,25.9017472,"Brownsville, TX"
-105.084423,40.5852602,"Fort Collins, CO"
-101.0523773,39.3958369,"Colby, KS"
-84.5091102,39.1214868,"Mt. Auburn, OH"
-94.3840777,29.8202205,"Winnie, TX"
-84.7452138,34.2828722,"White, GA"
-80.1319893,26.1723065,"Oakland Park, FL"
-81.8853924,31.6074365,"Jesup, GA"
-89.6384532,42.6011194,"Monroe, WI"
-75.1652215,39.9525839,"Philadelphia, PA"
-84.1916069,39.7589478,"Dayton, OH"
-93.4555093,45.0105194,"Plymouth, MN"
-78.8866943,33.6890603,"Myrtle Beach, SC"
-105.3822069,42.7596897,"Douglas, WY"
-121.0218887,39.0010079,"Meadow Vista, CA"
-118.3870991,34.1395597,"Studio City, CA"
-80.4331116,36.3293051,"Pinnacle, NC"
-84.2963123,33.7748275,"Decatur, GA"
-82.2798227,29.504692,"Micanopy, FL"
-93.7501789,32.5251516,"Shreveport, LA"
-82.9532036,34.6856555,"Seneca, SC"
-90.7195348,29.5957696,"Houma, LA"
-105.2705456,40.0149856,"Boulder, CO"
-90.1670393,35.8800733,"Manila, AR"
-106.7636538,32.3199396,"Las Cruces, NM"
-111.8338359,41.7369803,"Logan, UT"
-119.7412875,38.8882398,"Gardnerville Ranchos, NV"
-118.032844,33.9791793,"Whittier, CA"
-104.5230242,33.3942655,"Roswell, NM"
-81.8440197,38.4148146,"Nitro, WV"
-76.5852462,40.2775915,"Campbelltown, PA"
-77.8824596,37.5643209,"Powhatan County, VA"
-85.3863599,40.1933767,"Muncie, IN"
-117.1610966,32.7157305,"San Diego County, CA"
-88.1558785,40.3083672,"Rantoul, IL"
-88.0125865,42.9614039,"Greenfield, WI"
-156.3319253,20.7983626,"Maui, HI"
-77.4360481,37.5407246,"Richmond, VA"
-86.2549901,36.3558822,"Antioch, TN"
-84.6046663,39.0125608,"Elsmere, KY"
-97.1080656,32.735687,"Arlington, TX"
-114.8917978,47.1915937,"Superior, MT"
-77.3663538,35.612661,"Greenville, NC"
-95.9510661,29.7860643,"Brookshire, TX"
-80.1756481,33.0185039,"Summerville, SC"
-117.4260466,47.6587802,"Spokane, WA"
-97.1436254,34.1742611,"Ardmore, OK"
-75.7893604,41.3259134,"Pittston, PA"
-111.789027,33.3528264,"Gilbert, AZ"
-116.553465,48.276577,"Sandpoint, ID"
-97.1466695,31.549333,"Waco, TX"
-102.3676431,31.8456816,"Odessa, TX"
-83.555212,41.6639383,"Toledo, OH"
-74.1502007,40.5795317,"Staten Island, NY"
-98.7319703,29.7946641,"Boerne, TX"
-76.8894171,38.8576128,"District Heights, MD"
-72.4334173,41.7689878,"Bolton, CT"
-85.4735707,38.7142263,"Hanover, IN"
-117.8125674,35.6468991,"Inyokern, CA"
-119.7674034,39.1637984,"Carson City, NV"
-99.1403189,30.0474332,"Kerrville, TX"
-83.2827093,42.5793103,"Bloomfield Township, MI"
-118.2022917,48.1171945,"Hunters, WA"
-82.8373558,35.5328838,"Canton, NC"
-81.6395732,39.5478509,"Beverly, OH"
-87.5691735,33.2098407,"Tuscaloosa, AL"
-122.8293192,47.3352273,"Grapeview, WA"
-75.9413327,39.6001132,"North East, MD"
-93.6221657,47.2640071,"Cohasset, MN"
-73.6917851,42.7284117,"Troy, NY"
-77.1807842,38.2664512,"King George, VA"
-86.4958219,34.3181497,"Arab, AL"
-74.1371832,40.0578384,"Brick Township, NJ"
-79.9719831,35.914581,"Archdale, NC"
-105.937799,35.6869752,"Santa Fe, NM"
-75.6054882,39.9606643,"West Chester, PA"
-82.3023128,28.0614065,"Thonotosassa, FL"
-86.6199957,36.3047735,"Hendersonville, TN"
-111.9391031,40.6096698,"West Jordan, UT"
-111.654923,40.114955,"Spanish Fork, UT"
-73.8370786,40.9125992,"Mount Vernon, NY"
-96.76697,35.9850639,"Cushing, OK"
-105.0749801,40.3977612,"Loveland, CO"
-81.2223195,37.2698395,"Bluefield, WV"
-81.4401129,41.3125552,"Twinsburg, OH"
-104.4032962,32.8423345,"Artesia, NM"
-112.4685025,34.5400242,"Prescott, AZ"
-98.0297992,43.7094283,"Mitchell, SD"
-86.6199914,38.5489431,"French Lick, IN"
-123.7039941,41.1877221,"Weitchpec, CA"
-97.6836384,32.9659566,"Springtown, TX"
-71.4948322,42.8678693,"Merrimack, NH"
-78.898619,35.9940329,"Durham, NC"
-75.977985,36.8529263,"Virginia Beach, VA"
-80.2377078,25.7776438,"Little Havana, FL"
-147.7163889,64.8377778,"Fairbanks, AK"
-88.0701033,44.4822137,"Ashwaubenon, WI"
-118.0275667,34.0686206,"El Monte, CA"
-74.9813084,44.6697805,"Potsdam, NY"
-121.2722194,38.1341477,"Lodi, CA"
-118.1331593,33.9401088,"Downey, CA"
-75.3557457,39.849557,"Chester, PA"
-105.0866504,39.9205411,"Broomfield, CO"
-86.2516406,33.1731716,"Sylacauga, AL"
-83.9419784,35.9874629,"West Knox, TN"
-91.8382273,41.4641806,"Wellman, IA"
-95.7697131,34.9334298,"McAlester, OK"
-95.3988291,29.0246906,"Clute, TX"
-87.8819594,37.1092162,"Princeton, KY"
-117.0172826,34.8957957,"Barstow, CA"
-89.9635162,29.942783,"Chalmette, LA"
-118.442425,34.227617,"Panorama City, CA"
-92.4451371,31.3112936,"Alexandria, LA"
-103.7651984,44.3522065,"Lead, SD"
-84.4847316,43.8822464,"Beaverton, MI"
-84.4138259,37.4042496,"Brodhead, KY"
-87.3877899,36.0770048,"Dickson, TN"
-89.7811745,30.2751945,"Slidell, LA"
-88.2461183,31.3422346,"Washington County, AL"
-78.8689155,38.4495688,"Harrisonburg, VA"
-85.7769238,39.5214373,"Shelbyville, IN"
-121.8482855,36.6171819,"Sand City, CA"
-95.555513,33.6609389,"Paris, TX"
-81.420901,29.1872023,"Barberville, FL"
-81.7886906,28.0652975,"Auburndale, FL"
-86.482172,30.5168639,"Niceville, FL"
-122.4053018,40.4505502,"Happy Valley, CA"
-96.6397822,33.1972465,"McKinney, TX"
-76.8294213,39.4695489,"Reisterstown, MD"
-81.2078164,36.6721195,"Grayson County, VA"
-75.5397878,39.7390721,"Wilmington, DE"
-104.7008056,38.682219,"Fountain, CO"
-81.5190053,41.0814447,"Akron, OH"
-112.5868398,34.4258586,"Wilhoit, AZ"
-103.3485543,32.9440077,"Lovington, NM"
-85.2860676,34.9831309,"Rossville, GA"
-97.2872402,33.1828974,"Ponder, TX"
-117.0470434,32.555556,"San Ysidro, CA"
-103.2310149,44.0805434,"Rapid City, SD"
-93.2938352,45.8769031,"Mora, MN"
-81.1881557,37.7781702,"Beckley, WV"
-110.2772856,31.5455001,"Sierra Vista, AZ"
-117.3703235,34.1064001,"Rialto, CA"
-101.8312969,35.2219971,"Amarillo, TX"
-118.451357,34.1898566,"Van Nuys, CA"
-87.6675292,34.7448112,"Muscle Shoals, AL"
-97.1705678,32.8234621,"Hurst, TX"
-74.2846022,40.5575986,"Woodbridge, NJ"
-97.3967019,35.4495065,"Midwest City, OK"
-121.8946761,36.6002378,"Monterey, CA"
-80.0533746,26.7153424,"West Palm Beach, FL"
-76.8610462,39.2037144,"Columbia, MD"
-116.8651224,33.442702,"Aguanga, CA"
-70.880049,42.5584283,"Beverly, MA"
-72.3845301,41.2960159,"Old Saybrook, CT"
-117.6467917,34.433237,"Pinion Hills, CA"
-85.2515482,43.443107,"Cato Township, MI"
-88.0747875,41.801141,"Lisle, IL"
-93.2173758,30.2265949,"Lakes Charles, LA"
-82.2962268,34.9203946,"Taylors, SC"
-102.498757,31.8423472,"West Odessa, TX"
-98.3959291,34.6035669,"Lawton, OK"
-90.4406506,31.5790588,"Brookhaven, MS"
-84.7999382,34.1650972,"Cartersville, GA"
-81.7948103,26.1420358,"Naples, FL"
-116.2155619,33.7205771,"Indio, CA"
-121.822098,36.6149217,"Seaside, CA"
-87.3247077,31.5279399,"Monroeville, AL"
-81.7229086,41.4047742,"Parma, OH"
-122.2059833,47.6768927,"Kirkland, WA"
-117.9436749,34.0452883,"Valinda, CA"
-83.6986568,34.0142667,"Barrow County, GA"
-88.4272627,33.4956744,"Columbus, MS"
-120.9968782,37.6390972,"Modesto, CA"
-76.727745,39.9625984,"York, PA"
-80.1386547,26.8233946,"Palm Beach Gardens, FL"
-107.2528069,33.1284047,"Truth or Consequences, NM"
-90.0656311,30.3582506,"Mandeville, LA"
-91.6656232,41.9778795,"Cedar Rapids, IA"
-115.4988834,32.6789476,"Calexico, CA"
-119.4201204,36.3510616,"West Goshen, CA"
-85.6447492,42.8694731,"Kentwood, MI"
-121.3282843,38.617127,"Carmichael, CA"
-82.8823826,37.2726002,"Pine Top, KY"
-74.0868095,41.7475933,"New Paltz, NY"
-117.3333772,34.0158479,"Highgrove, CA"
-81.9495331,26.5628537,"Cape Coral, FL"
-116.4668036,33.7805388,"Cathedral City, CA"
-82.0131924,39.9403453,"Zanesville, OH"
-88.1050853,42.5775187,"Paddock Lake, WI"
-151.2583333,60.5544444,"Kenai Peninsula, AK"
-84.5049279,34.5092562,"Talking Rock, GA"
-77.4105409,39.4142688,"Frederick, MD"
-82.4571776,27.950575,"Tampa, FL"
-81.0998342,32.0835407,"Savannah, GA"
-117.2466838,32.70003,"Point Loma, CA"
-88.391154,34.0701074,"Smithville, MS"
-123.0350963,44.9428975,"Salem, OR"
-87.5519628,35.5478513,"Hohenwald, TN"
-85.3705186,36.7903399,"Burkesville, KY"
-96.5991593,32.7667955,"Mesquite, TX"
-95.2944129,36.1150237,"Norwood, OK"
-104.8213634,38.8338816,"Colorado Springs, CO"
-85.3782795,32.6454116,"Opelika, AL"
-94.3692926,44.8925483,"Hutchinson, MN"
-124.1636729,40.8020712,"Eureka, CA"
-116.4381985,44.7298876,"Council, ID"
-92.0662356,31.1279652,"Marksville, LA"
-120.4829677,37.3021632,"Merced, CA"
-117.2355851,32.8024577,"Pacific Beach, CA"
-96.3952963,36.4142357,"Hominy, OK"
-90.3351164,38.538664,"Lakeshire, MO"
-80.0325867,32.9810059,"Goose Creek, SC"
-80.0767266,34.9682097,"Wadesboro, NC"
-99.4803241,27.5305671,"North Laredo, TX"
-80.7214417,38.7023371,"Braxton County, WV"
-121.8374777,39.7284944,"Chico, CA"
-104.8205283,39.9852617,"Brighton, CO"
-112.6389244,45.2166324,"Dillon, MT"
-81.7195533,33.5604168,"Aiken, SC"
-88.864698,35.9969735,"Gibson County, TN"
-117.4854802,33.9971974,"Jurupa Valley, CA"
-81.3906678,32.173813,"Eden, GA"
-78.9728056,35.1679395,"Spring Lake, NC"
-75.1749671,40.028521,"Germantown, PA"
-93.2650108,44.977753,"Minneapolis, MN"
-95.9832577,31.2152685,"Leon County, TX"
-84.981754,34.8033566,"Whitfield County, GA"
-81.0739827,33.9657091,"Cayce, SC"
-84.7249188,31.4398976,"Arlington, GA"
-74.3572646,39.6108492,"Little Egg Harbor, NJ"
-80.2503271,25.9023168,"Opa-Locka, FL"
-86.7416374,42.0320742,"Berrien County, MI"
-82.345189,27.4799195,"Manatee, FL"
-84.8984775,33.9142037,"Paulding County, GA"
-96.5024916,33.8531568,"Colbert, OK"
-119.8138027,39.5296329,"Reno, NV"
-97.396381,27.8005828,"Corpus Christi, TX"
-93.2474098,45.0481968,"Columbia Heights, MN"
-93.2060163,37.0208865,"Ozark, MO"
-93.4379639,36.5636755,"Lampe, MO"
-96.5383228,32.6395776,"Seagoville, TX"
-84.5702338,40.5489358,"Celina, OH"
-94.3618967,39.8891658,"Maysville, MO"
-103.1598876,31.7512396,"Wink, TX"
-68.7778138,44.8011821,"Bangor, ME"
-118.081733,33.9022367,"Norwalk, CA"
-107.7586404,32.2686981,"Deming, NM"
-102.0740255,41.0630102,"Big Springs, NE"
-80.3101223,40.1393522,"Mount Washington, PA"
-96.9488945,32.8140177,"Irving, TX"
-88.462609,44.1858193,"Neenah, WI"
-81.5101208,41.5528288,"Richmond Heights, OH"
-105.5911007,41.3113669,"Laramie, WY"
-73.8987469,40.9312099,"Yonkers, NY"
-86.2938637,37.4800544,"Leitchfield, KY"
-95.3169136,36.3084275,"Pryor, OK"
-121.802173,36.6844029,"Marina, CA"
-118.2114603,33.930293,"Lynwood, CA"
-97.4878023,34.2331475,"Healdton, OK"
-75.1812913,40.9995386,"East Stroudsburg, PA"
-97.1330683,33.2148412,"Denton, TX"
-122.7695986,46.8645747,"Thurston County, WA"
-105.0555389,39.7744311,"Mountain View, CO"
-76.4394056,39.3342744,"Middle River, MD"
-88.9158953,35.8197917,"Humboldt, TN"
-121.5682751,37.0057816,"Gilroy, CA"
-81.1642682,37.8953906,"Mount Hope, WV"
-81.1761895,35.3165257,"Dallas, NC"
-119.0376023,34.2163937,"Camarillo, CA"
-81.3578859,41.1536674,"Kent, OH"
-83.4688204,41.607272,"Northwood, OH"
-83.9207392,35.9606384,"Knoxville, TN"
-105.5730665,36.4072485,"Taos, NM"
-78.9750189,37.3426444,"Concord, VA"
-118.1164613,34.5794343,"Palmdale, CA"
-84.7477136,33.7514966,"Douglasville, GA"
-91.8992837,30.2735323,"Breaux Bridge, LA"
-75.3528779,41.5605542,"Canaan Township, PA"
-121.2988335,39.2077473,"Smartsville, CA"
-84.5474435,39.0925597,"Ludlow, KY"
-73.212072,44.4758825,"Burlington, VT"
-82.3878709,28.5552719,"Brooksville, FL"
-83.1763145,42.3222599,"Dearborn, MI"
-91.720681,32.1632079,"Winnsboro, LA"
-90.9781585,30.6937955,"Pride, LA"
-84.5555347,42.732535,"Lansing, MI"
-119.0167679,36.06523,"Porterville, CA"
-122.1430195,37.4418834,"Palo Alto, CA"
-116.9337599,43.6176584,"Homedale, ID"
-88.5900235,30.9251869,"Lucedale, MS"
-91.5015002,29.7960399,"Franklin, LA"
-76.5835621,36.7282054,"Suffolk, VA"
-122.9666644,38.497135,"Santa Nella, CA"
-118.072846,34.0805651,"Rosemead, CA"
-107.2386627,41.7910697,"Rawlins, WY"
-110.5599556,45.6614105,"Livingston, MT"
-100.4503797,32.2354051,"Maryneal, TX"
-96.7311034,43.5445959,"Sioux Falls, SD"
-93.2323813,30.512699,"Ragley, LA"
-122.9006951,47.0378741,"Olympia, WA"
-82.3534727,36.3134397,"Johnson City, TN"
-122.3916754,40.5865396,"Redding, CA"
-120.9577098,37.5949316,"Ceres, CA"
-75.3076883,39.957902,"Upper Darby, PA"
-105.877212,33.6417408,"Carrizozo, NM"
-87.1023746,37.7307984,"Daviess County, KY"
-88.4597673,42.6386048,"Geneva, WI"
-84.6768796,34.0659329,"Acworth, GA"
-122.9084445,46.146779,"Kelso, WA"
-76.0627266,39.6978871,"Rising Sun, MD"
-6.1965948,36.4718646,"San Fernando, CA"
-79.6614376,40.3840734,"Penn Township, PA"
-149.9282138,61.1767272,"Spenard, AK"
-76.2858726,36.8507689,"Norfolk, VA"
-83.561835,35.8681455,"Sevierville, TN"
-120.939249,47.1953976,"Cle Elum, WA"
-89.1428573,37.8331059,"Hurst, IL"
-118.542586,34.3916641,"Santa Clarita, CA"
-79.8467349,38.9259397,"Elkins, WV"
-83.2218731,42.4733688,"Southfield, MI"
-118.3520389,34.1176605,"Hollywood Hills, CA"
-116.9625269,32.7947731,"El Cajon, CA"
-81.2684485,39.1909105,"Petroleum, WV"
-80.6675577,26.6845104,"Belle Glade, FL"
-118.4849365,34.235822,"North Hills, CA"
-86.0419169,33.9548201,"Rainbow City, AL"
-122.0438298,37.5933918,"Union City, CA"
-80.8872959,35.7826363,"Statesville, NC"
-91.9540054,30.5601953,"Port Barre, LA"
-86.5722154,34.8514782,"Meridianville, AL"
-95.5824846,35.2873206,"Eufaula, OK"
-119.0541032,43.5862606,"Burns, OR"
-93.1732401,34.5720347,"Mountain Pine, AR"
-79.4311616,34.3371047,"Latta, SC"
-84.2560299,35.7972998,"Lenoir City, TN"
-97.1416768,32.5631924,"Mansfield, TX"
-84.564147,33.8999297,"Cobb County, GA"
-122.1188945,45.2023855,"Clackamas County, OR"
-85.0007653,32.4709761,"Phenix City, AL"
-79.8819942,40.4417355,"Wilkinsburg, PA"
-81.4174057,26.4185248,"Immokalee, FL"
-97.3639068,32.8601275,"Saginaw, TX"
-122.0402399,37.5296593,"Newark, CA"
-121.302728,38.5890723,"Rancho Cordova, CA"
-95.9566635,35.5145495,"Schulter, OK"
-82.1400923,29.1871986,"Ocala, FL"
-100.8534779,43.2327824,"Rosebud, SD"
-83.9532571,39.184736,"Perry Township, OH"
-155.0884869,19.7070942,"Hilo, HI"
-87.0396881,30.6324149,"Milton, FL"
-80.8644667,36.0234316,"Union Grove, NC"
-123.9226385,45.9931636,"Seaside, OR"
-91.9837552,34.9984206,"Austin, AR"
-74.3392821,39.9711696,"Manchester, NJ"
-76.2772223,39.4622357,"Abingdon, MD"
-156.7886111,71.2905556,"Barrow, AK"
-93.1566107,45.0060767,"Roseville, MN"
-95.8142885,32.1321367,"Henderson County, TX"
-81.2117473,35.5756889,"Maiden, NC"
-76.1474244,43.0481221,"Syracuse, NY"
-93.7121656,41.6266555,"Urbandale, IA"
-94.4554782,32.2429366,"Beckville, TX"
-78.3413918,37.683478,"Arvonia, VA"
-82.5748194,27.4989278,"Bradenton, FL"
-103.1935127,32.1131814,"Jal, NM"
-117.8131125,33.8886259,"Yorba Linda, CA"
-73.2612615,41.1408363,"Fairfield, CT"
-93.4801942,37.1200526,"Republic, MO"
-94.2396554,34.5862171,"Mena, AR"
-83.4571057,34.203997,"Commerce, GA"
-95.4624548,33.6631622,"Reno, TX"
-111.9738304,41.223,"Ogden, UT"
-82.2106876,36.3487196,"Elizabethton, TN"
-118.3531311,33.9616801,"Inglewood, CA"
-149.8180556,61.6302778,"Houston, AK"
-84.0193789,39.8208925,"Fairborn, OH"
-121.1354141,37.7394537,"Ripon, CA"
-94.2816148,39.0169509,"Blue Springs, MO"
-105.4786412,39.4060536,"Bailey, CO"
-88.405096,42.7852922,"East Troy, WI"
-86.2999689,32.3668052,"Montgomery, AL"
-119.2246073,39.4154714,"Silver Springs, NV"
-97.4314267,38.1383437,"Hesston, KS"
-79.9414266,37.2709704,"Roanoke, VA"
-103.1462899,44.0624879,"Rapid Valley, SD"
-86.2544223,33.8370433,"Ashville, AL"
-78.6381787,35.7795897,"Raleigh, NC"
-88.6116854,30.385755,"Gautier, MS"
-76.3482931,39.5359406,"Bel Air, MD"
-78.9219698,40.3267407,"Johnstown, PA"
-93.6910292,34.659264,"Sims, AR"
-84.1177098,37.1895318,"East Berstadt, KY"
-78.744572,42.9026136,"Cheektowaga, NY"
-94.1265562,30.080174,"Beaumont, TX"
-100.7837392,46.8083268,"Bismarck, ND"
-77.6109219,43.16103,"Rochester, NY"
-104.2288375,32.4206736,"Carlsbad, NM"
-88.8853078,30.3960318,"Biloxi, MS"
-104.8352628,37.9452861,"Colorado City, CO"
-96.6197416,37.8152985,"Rosalia, KS"
-88.9645253,40.1536479,"Clinton, IL"
-79.7919754,36.0726354,"Greensboro, NC"
-118.255075,34.1425078,"Glendale, CA"
-96.8291685,32.96179,"Addison, TX"
-85.6113501,33.9245454,"Piedmont, AL"
-122.6716063,45.6318397,"Vancouver, WA"
-86.887219,36.8453199,"Russellville, KY"
-87.5710898,37.9715592,"Evansville, IN"
-60.2645268,46.2590305,"Florence, CA"
-80.1875065,34.9054732,"Anson County, NC"
-93.2777226,44.7677424,"Burnsville, MN"
-121.6380069,37.8671476,"Byron, CA"
-112.0339645,43.4916514,"Idaho Falls, ID"
-90.1009108,30.4754702,"Covington, LA"
-87.3836095,37.183655,"White Plains, KY"
-77.2872001,37.3043154,"Hopewell, VA"
-77.9636513,40.0626872,"Fort Littleton, PA"
-82.3248262,29.6516344,"Gainesville, FL"
-73.5387341,41.0534302,"Stamford, CT"
-79.5447619,40.2784029,"South Greensburg, PA"
-77.4605399,38.3031837,"Fredericksburg, VA"
-104.9719243,39.8680412,"Thornton, CO"
-89.9089684,35.2120652,"Raleigh, TN"
-71.0040013,42.2079017,"Braintree, MA"
-71.3825558,41.878711,"Pawtucket, RI"
-117.1825381,34.0555693,"Redlands, CA"
-107.5823086,34.8963194,"Pueblo of Laguna, NM"
-71.3161718,42.6334247,"Lowell, MA"
-82.0990223,37.2778886,"Grundy, VA"
-94.3821724,38.9108408,"Lee's Summit, MO"
-110.6973571,35.0241873,"Winslow, AZ"
-77.5816353,35.2626635,"Kinston, NC"
-95.1610438,30.2329914,"Splendora, TX"
-122.6510961,38.966564,"Clearlake Park, CA"
-82.4645714,34.7023389,"Piedmont, SC"
-93.7102493,46.5330129,"Aitkin, MN"
-83.9660209,33.2945651,"Jackson, GA"
-97.6699996,29.8849441,"Lockhart, TX"
-90.5989759,29.7274331,"Raceland, LA"
-85.684578,32.3731182,"Macon County, AL"
-91.4984941,44.811349,"Eau Claire, WI"
-72.6203675,42.1070383,"West Springfield, MA"
-82.573495,38.8939645,"Oak Hill, OH"
-86.4466599,36.3883809,"Gallatin, TN"
-91.4407146,44.8757937,"Lake Hallie, WI"
-74.4518188,40.4862157,"New Brunswick, NJ"
-73.9709583,42.7870209,"Rotterdam, NY"
-88.9200685,37.9967163,"Benton, IL"
-85.618544,30.9821261,"Noma, FL"
-98.6750379,30.7593452,"Llano, TX"
-85.4641421,35.9258985,"Sparta, TN"
-97.6642087,38.3708415,"McPherson, KS"
-117.3272615,33.6680772,"Lake Elsinore, CA"
-98.6286741,34.6295165,"Cache, OK"
-88.0956396,42.4772418,"Antioch, IL"
-75.0259637,39.4863773,"Vineland, NJ"
-76.8755282,39.0045544,"Greenbelt, MD"
-84.5824329,33.8187167,"Mableton, GA"
-86.4755431,34.1620404,"Brooksville, AL"
-92.8026673,35.0048102,"Perryville, AR"
-71.0536625,42.40843,"Everett, MA"
-74.1334647,42.6253546,"Berne, NY"
-89.1523353,45.140245,"Antigo, WI"
-94.1574263,36.0625795,"Fayetteville, AR"
-82.4220631,35.2801166,"East Flat Rock, NC"
-105.0813734,39.7047095,"Lakewood, CO"
-97.8280575,29.6480061,"Kingsbury, TX"
-111.8754907,40.6868914,"Milcreek, UT"
-105.0372046,39.8366528,"Westminster, CO"
-89.6662063,37.3822732,"Jackson, MO"
-89.6301221,44.9591352,"Wausau, WI"
-111.3873431,33.0314508,"Florence, AZ"
-89.1172883,35.7847949,"Alamo, TN"
-82.3940104,34.8526176,"Greenville, SC"
-122.3405305,47.4668384,"Burien, WA"
-117.1483648,33.4936391,"Temecula, CA"
-93.0924093,37.6439289,"Buffalo, MO"
-90.0539603,29.9146493,"Gretna, LA"
-80.5895167,40.4189566,"Weirton, WV"
-122.0637425,48.015098,"Lake Stevens, WA"
-68.0158615,46.681153,"Presque Isle, ME"
-88.8680853,30.4379758,"St. Martin, MS"
-81.9043591,29.409442,"Hog Valley, FL"
-94.6554874,31.6035129,"Nacogdoches, TX"
-71.0897674,41.900101,"Taunton, MA"
-96.6655688,34.8611959,"Byng, OK"
-118.2117257,34.0297895,"Boyle Heights, CA"
-81.655651,30.3321838,"Jacksonsville, FL"
-81.1625612,28.8461019,"Osteen, FL"
-84.2338093,33.5442781,"Stockbridge, GA"
-88.4004301,37.5471144,"Shawnee National Forest, IL"
-84.4132594,33.5726113,"Riverdale, GA"
-122.5770126,41.7743261,"Siskiyou County, CA"
-91.1604207,38.2081045,"Sullivan, MO"
-83.1013964,37.3352367,"Fisty, KY"
-80.1428584,34.6830936,"Chesterfield County, SC"
-122.6067583,45.3573429,"Oregon City, OR"
-111.651302,35.1982836,"Flagstaff, AZ"
-80.148379,25.9812024,"Hallandale Beach, FL"
-71.8647577,42.1167606,"Oxford, MA"
-122.4302013,45.5001357,"Gresham, OR"
-94.3488372,38.6533445,"Harrisonville, MO"
-87.538931,41.5647575,"Lansing, IL"
-90.0928852,38.6350501,"Washington Park, IL"
-120.1376481,34.5958201,"Solvang, CA"
-84.9243663,30.707692,"Sneads, FL"
-106.8914159,34.0583995,"Socorro, NM"
-86.0187907,33.6070215,"Eastaboga, AL"
-81.3031179,29.028318,"Deland, FL"
-78.3233325,34.9979453,"Clinton, NC"
-79.9069847,36.4665269,"Stoneville, NC"
-122.7639851,45.3840077,"Tualatin, OR"
-121.3153096,44.0581728,"Bend, OR"
-84.7996573,33.3806716,"Newnan, GA"
-84.2963223,37.568694,"Berea, KY"
-149.4394444,61.5813889,"Wasilla, AK"
-114.2891177,34.1500162,"Parker, AZ"
-122.6344708,41.7354186,"Yreka, CA"
-85.1454876,31.8912717,"Eufaula, AL"
-95.3694116,35.9595442,"Wagoner, OK"
-120.8465941,37.4946568,"Turlock, CA"
-78.0837712,38.4915101,"Norman, VA"
-93.939947,29.8849504,"Port Arthur, TX"
-87.6876933,46.6086225,"Ishpeming Township, MI"
-114.709677,32.5964404,"Somerton, AZ"
-80.8986502,35.8310501,"Iredell County, NC"
-120.5058987,46.6020711,"Yakima, WA"
-88.7033859,34.2576066,"Tupelo, MS"
-118.185349,33.9866807,"Maywood, CA"
-112.006882,40.3141169,"Eagle Mountain, UT"
-85.8124723,37.1008864,"Hiseville, KY"
-73.9395687,42.8142432,"Schenectady, NY"
-88.0398912,30.6953657,"Mobile, AL"
-71.2134231,41.6259211,"Tiverton, RI"
-93.9535558,38.9991748,"Odessa, MO"
-117.0841955,32.6400541,"Chula Vista, CA"
-87.9909531,45.6352391,"Pembine, WI"
-112.5347776,46.0038232,"Butte, MT"
-84.6055076,41.5844951,"Montpelier, OH"
-86.6170308,30.4200708,"Fort Walton Beach, FL"
-81.0806665,32.2871413,"Hardeeville, SC"
-114.3224548,34.483901,"Lake Havasu City, AZ"
-71.9516746,42.8706048,"Peterborough, NH"
-81.5631474,35.4140187,"Lawndale, NC"
-80.2683571,26.6617635,"Wellington, FL"
-90.1517605,34.9578727,"Walls, MS"
-96.2571858,29.9502253,"Bellville, TX"
-89.9839935,38.5200504,"Belleville, IL"
-108.0911535,32.8134085,"Hanover, NM"
-74.171811,40.9167654,"Paterson, NJ"
-94.2471515,36.0420248,"Farmington, AR"
-95.8998969,29.6931119,"Fulshear, TX"
-82.3264809,27.8661364,"Riverview, FL"
-82.6995443,27.8428025,"Pinellas Park, FL"
-83.8240663,34.2978794,"Gainesville, GA"
-112.5837766,33.3703197,"Buckeye, AZ"
-84.2910759,42.1142112,"Columbia Township, MI"
-73.0724037,41.6743343,"Thomaston, CT"
-87.607268,41.6389236,"Dolton, IL"
-93.8802273,42.0597047,"Boone, IA"
-83.3546098,32.3868278,"Cochran, GA"
-107.3878172,35.0344872,"Laguna Pueblo, NM"
-75.4657542,39.0090017,"Frederica, DE"
-83.8888138,36.8664765,"Barbourville, KY"
-92.2236667,32.4271852,"Ouachita Parish, LA"
-91.314535,40.6297634,"Fort Madison, IA"
-105.5943388,39.0897928,"Park County, CO"
-82.1892795,35.1751148,"Landrum, SC"
-88.1667599,43.3238919,"Jackson, WI"
-82.5514869,35.5950581,"Asheville, NC"
-82.1887444,36.5951059,"Bristol, TN"
-91.8187285,30.0035365,"New Iberia, LA"
-117.9242966,33.8703596,"Fullerton, CA"
-96.4533193,32.4626396,"Rosser, TX"
-114.6276916,32.6926512,"Yuma, AZ"
-93.166333,44.9916323,"Falcon Heights, MN"
-97.9569845,34.7825721,"Rush Springs, OK"
-118.1870156,33.9775142,"Bell, CA"
-119.7029194,36.8252277,"Clovis, CA"
-87.0211007,32.4073589,"Selma, AL"
-94.7391045,34.0292764,"Broken Bow, OK"
-90.1506465,38.624514,"East St. Louis, IL"
-83.3965994,42.2222614,"Romulus, MI"
-86.4895463,42.0938577,"St. Joseph, MI"
-74.4229341,41.4459271,"Middletown, NY"
-80.2645069,34.993766,"Peachland, NC"
-81.8214871,30.0491293,"Lake Asbury, FL"
-74.3572646,39.6108492,"Little Egg Harbor Township, NJ"
-87.71453,43.7508284,"Sheboygan, WI"
-80.2320276,38.9939872,"Buckhannon, WV"
-117.0844733,33.706966,"Winchester, CA"
-108.7425843,35.5280783,"Gallup, NM"
-89.0772092,44.1521559,"Pine River, WI"
-86.1280417,35.2706372,"Estill Springs, TN"
-90.1528519,29.9840922,"Metairie, LA"
-107.8742831,48.3597197,"Malta, MT"
-119.7526886,39.5349112,"Sparks, NV"
-116.3100095,33.6633573,"La Quinta, CA"
-118.2200712,33.8958492,"Compton, CA"
-118.181944,34.05,"City Terrace, CA"
-77.5355335,36.5320954,"Pleasant Hill, NC"
-82.1531954,37.5144292,"Phelps, KY"
-120.4203382,46.4476278,"Wapato, WA"
-81.2000987,33.8615392,"Edmund, SC"
-77.4083086,38.4220687,"Stafford, VA"
-79.7553451,33.8709958,"Lake City, SC"
-95.3776663,45.8848164,"Alexandria, MN"
-115.4661859,42.9457307,"Hammett, ID"
-118.6256552,34.4890363,"Castaic, CA"
-112.0260538,41.1107771,"Clearfield, UT"
-82.605118,36.6815794,"Scott County, VA"
-77.6418724,38.9756745,"Aldie, VA"
-84.4393724,33.6795531,"East Point, GA"
-116.9739167,32.8383828,"Santee, CA"
-88.837329,43.4577692,"Beaver Dam, WI"
-76.8867008,40.2731911,"Harrisburg, PA"
-81.4123229,34.1962557,"Little Mountain, SC"
-81.1606401,36.1459649,"Wilkesboro, NC"
-84.5588311,38.2097967,"Georgetown, KY"
-82.9460133,39.600618,"Circleville, OH"
-122.2609558,47.4739884,"Tukwila, WA"
-117.2425355,33.2000368,"Vista, CA"
-122.0807964,37.6688205,"Hayward, CA"
-77.1710914,38.882334,"Falls Church, VA"
-88.2735399,35.0422751,"Counce, TN"
-80.8653661,41.6047773,"Rome, OH"
-81.5389849,35.9140196,"Lenoir, NC"
-111.5495777,33.4150485,"Apache Junction, AZ"
-121.3644216,38.7166871,"Antelope, CA"
-99.3267702,38.8791783,"Hays, KS"
-117.0358646,32.9628232,"Poway, CA"
-124.1006205,40.9465152,"McKinneyville, CA"
-118.2935891,34.091341,"East Hollywood, CA"
-88.7398256,44.3927582,"New London, WI"
-85.2256635,34.9947441,"East Ridge, TN"
-84.5613355,39.3995008,"Hamilton, OH"
-97.3144625,33.6239966,"Myra, TX"
-96.8645856,32.7362591,"Oak Cliff, TX"
-86.4602717,35.483406,"Shelbyville, TN"
-93.1668858,44.8041322,"Eagan, MN"
-122.2942839,47.0528789,"Graham, WA"
-97.6597376,31.0835102,"Harker Heights, TX"
-93.7932554,36.8242287,"McDowell, MO"
-83.7411631,41.6898955,"Sylvania Township, OH"
-118.2250725,33.9816812,"Huntington Park, CA"
-105.960265,32.8995325,"Alamogordo, NM"
-104.7613633,39.5186002,"Parker, CO"
-88.0934145,42.353355,"Round Lake, IL"
-120.2931263,47.4156824,"East Wenatchee, WA"
-97.342782,31.0982344,"Temple, TX"
-81.3509532,38.8020322,"Spencer, WV"
-82.4765352,36.4198258,"Gray, TN"
-84.155741,31.5785074,"Albany, GA"
-80.8075537,28.6122187,"Titusville, FL"
-120.7785354,37.4321589,"Delhi, CA"
-122.2284532,47.3073228,"Auburn, WA"
-81.2525993,37.3540054,"Montcalm, WV"
-122.0230146,37.2638324,"Saratoga, CA"
-117.3136547,34.0739016,"Colton, CA"
-82.5728769,28.5155513,"Weeki Wachi, FL"
-121.6812361,48.1492727,"Big Bear, MO"
-73.1856832,44.491438,"Winooski, VT"
-116.977248,33.9294606,"Beaumont, CA"
-81.9567716,35.3692877,"Rutherfordton, NC"
-94.1632404,45.5579451,"St. Cloud, MN"
-95.4171601,30.0799405,"Spring, TX"
-111.8085357,41.7390791,"Logan Canyon, UT"
-95.3520876,32.8296216,"Wood County, TX"
-88.1291387,35.595087,"Decatur County, TN"
-80.3582261,27.2730492,"Port St. Lucie, FL"
-72.0181743,41.4456444,"Mashantucket, CT"
-96.1600132,41.004443,"Louisville, NE"
-121.2721718,38.6446264,"Fair Oaks, CA"
-76.7224727,39.3742729,"Pikesville, MD"
-72.3378744,43.3728635,"Claremont, NH"
-116.2381744,43.6221108,"Garden City, ID"
-92.2895948,34.7464809,"Little Rock, AR"
-95.1257691,31.0549071,"Groveton, TX"
-74.1723667,40.735657,"Newark, NJ"
-82.1501112,35.1156713,"Campobello, SC"
-83.4852133,42.2047619,"Belleville, MI"
-81.8612444,38.5328674,"Hometown, WV"
-87.6947699,41.5936453,"Markham, IL"
-74.4773735,39.3403942,"Ventnor, NJ"
-94.1288141,36.1867442,"Springdale, AR"
-84.425869,46.0041827,"Hessel, MI"
-80.0131374,33.1960027,"Moncks Corner, SC"
-83.6324022,32.8406946,"Macon, GA"
-87.5375253,34.8628637,"Killeen, AL"
-92.586828,34.5645371,"Benton, AR"
-122.3126222,47.3223221,"Federal Way, WA"
-96.2416731,35.2375883,"Wetumka, OK"
-79.0086424,34.6182199,"Lumberton, NC"
-117.7946942,33.6839473,"Irvine, CA"
-81.9179173,41.4553232,"Westlake, OH"
-122.0310733,37.9779776,"Concord, CA"
-90.6773046,30.4340146,"Livingston Parish, LA"
-83.4326841,38.1839705,"Morehead, KY"
-123.3283925,42.4390069,"Grants Pass, OR"
-122.2348431,47.3809335,"Kent, WA"
-122.0307963,36.9741171,"Santa Cruz, CA"
-82.7395454,28.18779,"Holiday, FL"
-86.4541894,42.1167065,"Benton Harbor, MI"
-84.2529869,38.2097987,"Paris, KY"
-81.4065011,41.6397696,"Willoughby, OH"
-122.1206714,47.2470453,"Muckleshoot Indian Reservation, WA"
-86.5274419,33.3535324,"Westover, AL"
-91.8348728,43.786353,"Peterson, MN"
-85.6121906,36.9800563,"Edmonton, KY"
-90.4125181,38.6103023,"North St. Louis, MO"
-121.2930079,38.891565,"Lincoln, CA"
-96.8899636,32.9756415,"Carrollton, TX"
-95.9808179,36.7473114,"Bartlesville, OK"
-82.8670839,34.1112226,"Elberton, GA"
-95.9188889,45.5919444,"Morris, MN"
-81.7245739,41.3136644,"North Royalton, OH"
-99.3467705,35.8700463,"Leedey, OK"
-118.3406288,33.8358492,"Torrance, CA"
-118.61481,34.2506356,"Chatsworth, CA"
-84.4113366,39.8367207,"Brookville, OH"
-80.4742261,35.6709727,"Salisbury, NC"
-77.6611022,39.9375911,"Chambersburg, PA"
-83.9007382,33.8389977,"Loganville, GA"
-116.5452921,33.8302961,"Palm Springs, CA"
-82.6834453,27.8160523,"Lealman, FL"
-96.3050064,35.4325854,"Okemah, OK"
-81.3481745,38.4887089,"Clendenin, WV"
-124.3477568,48.0574252,"Beaver, WA"
-94.9427168,32.5365333,"Gladewater, TX"
-86.4808043,36.9685219,"Bowling Green, KY"
-74.9836584,39.2592235,"Maurice River, NJ"
-81.6998327,37.4740011,"Hensley, WV"
-80.7898089,41.8650534,"Ashtabula, OH"
-110.0298327,34.2542084,"Show Low, AZ"
-100.4370375,31.4637723,"San Angelo, TX"
-108.1428669,38.468304,"Montrose County, CO"
-76.7336521,39.9512496,"York County, PA"
-95.1182645,29.5377315,"Webster, TX"
-81.7423357,31.7079919,"Ludowici, GA"
-111.7573521,32.8795022,"Casa Grande, AZ"
-121.7568946,36.910231,"Watsonville, CA"
-73.9441579,40.6781784,"Brooklyn, NY"
-120.4579409,34.6391501,"Lompoc, CA"
-118.0120086,33.9172357,"La Mirada, CA"
